conc,c.norm,c.norm.err
0.35,0,0
0.7,0.634615385,0.061442865
1.4,0.807692308,0.063656753
3,1.038461538,0.06726704
6,0.903846154,0.044898034
12,1,0.047105572
