conc,c.norm,c.norm.err
0.35,0,0
0.7,0.1,1.69967E-17
1.4,0.113333333,0.005773503
3,0.16,0
6,0.156666667,0.005773503
12,0.173333333,0.005773503
