conc,c.norm,c.norm.err
0.35,0,0
0.7,0.11,0.01
1.4,0.14,0.01
3,0.18,0.01
6,0.156666667,0.005773503
12,0.173333333,0.005773503
