conc,c.norm,c.norm.err
0.35,0,0
0.7,0.517894737,0.262020836
1.4,0.776842105,0.393031255
3,1.052631579,0.541868013
6,0.854166667,0.433104082
12,1,0.713259785
