conc,c.norm,c.norm.err
0.35,0,0
0.7,0.366666667,0.057735027
1.4,0.7,0.1
3,1.033333333,0.057735027
6,0.833333333,0.115470054
12,1,2.4037E-16