conc,c.norm,c.norm.err
0.35,0,0
0.7,0.494444444,0.080564922
1.4,0.916176471,0.140094314
3,1.226222222,0.082868991
6,0.927083333,0.137266233
12,1,2.75E-02