conc,c.norm,c.norm.err
0.35,0,0
0.7,0.576923077,0.01921654
1.4,0.653846154,0.039796749
3,0.923076923,0.030746464
6,0.903846154,0.044898034
12,1,0.047105572