conc,c.norm,c.norm.err
0.35,0,0
0.7,0.056666667,0.005773503
1.4,0.126666667,0.023094011
3,0.146666667,0.015275252
6,0.143333333,0.011547005
12,0.173333333,0.005773503
