conc,c.norm,c.norm.err
0.35,0,0
0.7,0.445234114,0.022937768
1.4,0.566135084,0.074651361
3,0.537200504,0.037680588
6,0.403604257,0.093558672
12,1,0.067818987