conc,c.norm,c.norm.err
0.35,0,0
0.7,0.326086957,0.006139121
1.4,0.414634146,0.050930374
3,0.393442623,0.020139741
6,0.295597484,0.067039537
12,0.732394366,0.035122166
