conc	mean	err
0.5	0.46158	0.0351
1	0.73839	0.05559
2	0.89931	0.02682
4	0.91091	0.0405
8	1.00173	0.02504
